pr_auc,roc_auc,precision,recall,f2_score,brier_score,model
0.5427498555748123,0.5,0.0,0.0,0.0,0.07819087687733957,dummy
0.08817377532590917,0.5075822624582891,0.09259259259259259,0.01126126126126126,0.01366120218579235,0.08587303012609482,xgboost
0.08583195346027017,0.505199381709568,0.07608695652173914,0.011824324324324325,0.014227642276422764,0.08765504301758653,lightgbm
0.08474835094501837,0.4851393263920901,0.09302325581395349,0.006756756756756757,0.00829531314807134,0.08305972529347076,random_forest
0.0831588174322776,0.4937182424844301,0.0,0.0,0.0,0.07819257969937751,stacking_ensemble
0.08143568072271115,0.47510695708342576,0.16666666666666666,0.0005630630630630631,0.0007032348804500703,0.07875435862822916,catboost
0.07977773724932939,0.47159827626110007,0.09090909090909091,0.0011261261261261261,0.0014033118158854898,0.08037287191919217,extra_trees
0.07686035235590016,0.47532861351560024,0.0,0.0,0.0,0.07826230522414479,logistic_regression
